{
  "run": [
    {
      "filePath": "/webapp/index.html",
      "previewMode": 1,
      "dataMode": 1,
      "ui5ActiveVersion": null,
      "ui5VerSource": null,
      "isDefaultVersion": 0,
      "workspace": "withoutWorkspace",
      "urlParameters": [],
      "backendSystem": [],
      "_metadata": {
        "runnerId": "qunitrunner",
        "id": 3096263,
        "displayName": "Run index.html 1",
        "lastRunTimeStamp": 1656725416699
      }
    },
    {
      "filePath": "/webapp/index.html",
      "previewMode": 1,
      "dataMode": 1,
      "workspace": "withoutWorkspace",
      "ui5ActiveVersion": null,
      "ui5VerSource": null,
      "isDefaultVersion": 0,
      "urlParameters": [],
      "hashParameter": "",
      "backendSystem": [],
      "urlParametersNotNeeded": false,
      "_metadata": {
        "runnerId": "webapprunner",
        "id": 4151190,
        "displayName": "Run index.html",
        "lastRunTimeStamp": 1649414957440
      }
    }
  ]
}