<edmx:Edmx
    xmlns:edmx="http://schemas.microsoft.com/ado/2007/06/edmx"
    xmlns:m="http://schemas.microsoft.com/ado/2007/08/dataservices/metadata"
    xmlns:sap="http://www.sap.com/Protocols/SAPData" Version="1.0">
    <edmx:DataServices m:DataServiceVersion="2.0">
        <Schema
            xmlns="http://schemas.microsoft.com/ado/2008/09/edm" Namespace="ZODATA_PM_900343_SRV" xml:lang="en" sap:schema-version="1">
            <EntityType Name="WorkOrderList" sap:content-version="1">
                <Key>
                    <PropertyRef Name="Orderid"/>
                </Key>
                <Property Name="Plant" Type="Edm.String" MaxLength="4" sap:label="Plant" sap:creatable="false" sap:updatable="false" sap:sortable="false" sap:filterable="false"/>
                <Property Name="Orderid" Type="Edm.String" Nullable="false" MaxLength="12" sap:label="Order" sap:creatable="false" sap:updatable="false" sap:sortable="false" sap:filterable="false"/>
                <Property Name="Activity" Type="Edm.String" MaxLength="4" sap:label="Activity" sap:creatable="false" sap:updatable="false" sap:sortable="false" sap:filterable="false"/>
                <Property Name="SubActivity" Type="Edm.String" MaxLength="4" sap:label="Suboperation" sap:creatable="false" sap:updatable="false" sap:sortable="false" sap:filterable="false"/>
                <Property Name="ControlKey" Type="Edm.String" MaxLength="4" sap:label="Control key" sap:creatable="false" sap:updatable="false" sap:sortable="false" sap:filterable="false"/>
                <Property Name="WorkCntr" Type="Edm.String" MaxLength="8" sap:label="Work center" sap:creatable="false" sap:updatable="false" sap:sortable="false" sap:filterable="false"/>
                <Property Name="StandardTextKey" Type="Edm.String" MaxLength="7" sap:label="Std Text Key" sap:creatable="false" sap:updatable="false" sap:sortable="false" sap:filterable="false"/>
                <Property Name="Description" Type="Edm.String" MaxLength="40" sap:label="Opr. short text" sap:creatable="false" sap:updatable="false" sap:sortable="false" sap:filterable="false"/>
                <Property Name="Assembly" Type="Edm.String" MaxLength="18" sap:label="Assembly" sap:creatable="false" sap:updatable="false" sap:sortable="false" sap:filterable="false"/>
                <Property Name="Systcond" Type="Edm.String" MaxLength="1" sap:label="SystemCondition" sap:creatable="false" sap:updatable="false" sap:sortable="false" sap:filterable="false"/>
                <Property Name="SStatus" Type="Edm.String" MaxLength="40" sap:label="System Status" sap:creatable="false" sap:updatable="false" sap:sortable="false" sap:filterable="false"/>
                <Property Name="WorkActivity" Type="Edm.Decimal" Precision="7" Scale="1" sap:label="Work" sap:creatable="false" sap:updatable="false" sap:sortable="false" sap:filterable="false"/>
                <Property Name="UnWork" Type="Edm.String" MaxLength="3" sap:label="Unit for work" sap:creatable="false" sap:updatable="false" sap:sortable="false" sap:filterable="false" sap:semantics="unit-of-measure"/>
                <Property Name="UnWorkIso" Type="Edm.String" MaxLength="3" sap:label="ISO code" sap:creatable="false" sap:updatable="false" sap:sortable="false" sap:filterable="false"/>
                <Property Name="Acttype" Type="Edm.String" MaxLength="6" sap:label="Activity Type" sap:creatable="false" sap:updatable="false" sap:sortable="false" sap:filterable="false"/>
                <Property Name="PercentOfWork" Type="Edm.Byte" sap:label="Percent" sap:creatable="false" sap:updatable="false" sap:sortable="false" sap:filterable="false"/>
                <Property Name="DurationNormal" Type="Edm.Decimal" Precision="5" Scale="1" sap:label="Normal duration" sap:creatable="false" sap:updatable="false" sap:sortable="false" sap:filterable="false"/>
                <Property Name="DurationNormalUnit" Type="Edm.String" MaxLength="3" sap:label="Norm.duratn un." sap:creatable="false" sap:updatable="false" sap:sortable="false" sap:filterable="false" sap:semantics="unit-of-measure"/>
                <Property Name="DurationNormalUnitIso" Type="Edm.String" MaxLength="3" sap:label="ISO code" sap:creatable="false" sap:updatable="false" sap:sortable="false" sap:filterable="false"/>
                <Property Name="DurationMinimum" Type="Edm.Decimal" Precision="5" Scale="1" sap:label="Min. duration" sap:creatable="false" sap:updatable="false" sap:sortable="false" sap:filterable="false"/>
                <Property Name="DurationMinimumUnit" Type="Edm.String" MaxLength="3" sap:label="Min. dur. unit" sap:creatable="false" sap:updatable="false" sap:sortable="false" sap:filterable="false" sap:semantics="unit-of-measure"/>
                <Property Name="DurationMinimumUnitIso" Type="Edm.String" MaxLength="3" sap:label="ISO code" sap:creatable="false" sap:updatable="false" sap:sortable="false" sap:filterable="false"/>
                <Property Name="CalculationKey" Type="Edm.String" MaxLength="1" sap:label="Calculation key" sap:creatable="false" sap:updatable="false" sap:sortable="false" sap:filterable="false"/>
                <Property Name="NoOfTimeTickets" Type="Edm.Decimal" Precision="3" Scale="0" sap:label="No.TimeTickets" sap:creatable="false" sap:updatable="false" sap:sortable="false" sap:filterable="false"/>
                <Property Name="Wagegroup" Type="Edm.String" MaxLength="3" sap:label="Wage Group" sap:creatable="false" sap:updatable="false" sap:sortable="false" sap:filterable="false"/>
                <Property Name="Wagetype" Type="Edm.String" MaxLength="4" sap:label="Wage type" sap:creatable="false" sap:updatable="false" sap:sortable="false" sap:filterable="false"/>
                <Property Name="Suitability" Type="Edm.String" MaxLength="2" sap:label="Suitability" sap:creatable="false" sap:updatable="false" sap:sortable="false" sap:filterable="false"/>
                <Property Name="NoOfConfirmationSlips" Type="Edm.String" MaxLength="3" sap:label="No.conf. slips" sap:creatable="false" sap:updatable="false" sap:sortable="false" sap:filterable="false"/>
                <Property Name="NumberOfCapacities" Type="Edm.Byte" sap:label="Number" sap:creatable="false" sap:updatable="false" sap:sortable="false" sap:filterable="false"/>
                <Property Name="ConfNo" Type="Edm.String" MaxLength="10" sap:label="Confirmation" sap:creatable="false" sap:updatable="false" sap:sortable="false" sap:filterable="false"/>
                <Property Name="RoutingNo" Type="Edm.String" MaxLength="10" sap:label="Plan no.f.oper." sap:creatable="false" sap:updatable="false" sap:sortable="false" sap:filterable="false"/>
                <Property Name="Counter" Type="Edm.String" MaxLength="8" sap:label="Counter" sap:creatable="false" sap:updatable="false" sap:sortable="false" sap:filterable="false"/>
                <Property Name="EarlSchedStartDate" Type="Edm.DateTime" Precision="7" sap:label="Earl.start date" sap:creatable="false" sap:updatable="false" sap:sortable="false" sap:filterable="false"/>
                <Property Name="EarlSchedStartTime" Type="Edm.Time" Precision="0" sap:label="Earl.start time" sap:creatable="false" sap:updatable="false" sap:sortable="false" sap:filterable="false"/>
                <Property Name="LateSchedStartDate" Type="Edm.DateTime" Precision="7" sap:label="Latest start" sap:creatable="false" sap:updatable="false" sap:sortable="false" sap:filterable="false"/>
                <Property Name="LateSchedStartTime" Type="Edm.Time" Precision="0" sap:label="Lat. start time" sap:creatable="false" sap:updatable="false" sap:sortable="false" sap:filterable="false"/>
                <Property Name="EarlSchedFinishDate" Type="Edm.DateTime" Precision="7" sap:label="EarliestEndDate" sap:creatable="false" sap:updatable="false" sap:sortable="false" sap:filterable="false"/>
                <Property Name="EarlSchedFinishTime" Type="Edm.Time" Precision="0" sap:label="Earliest finish" sap:creatable="false" sap:updatable="false" sap:sortable="false" sap:filterable="false"/>
                <Property Name="LateSchedFinDate" Type="Edm.DateTime" Precision="7" sap:label="Lat.finish date" sap:creatable="false" sap:updatable="false" sap:sortable="false" sap:filterable="false"/>
                <Property Name="LateSchedFinTime" Type="Edm.Time" Precision="0" sap:label="Latest fin.time" sap:creatable="false" sap:updatable="false" sap:sortable="false" sap:filterable="false"/>
                <Property Name="ActualStartDate" Type="Edm.DateTime" Precision="7" sap:label="Actual start" sap:creatable="false" sap:updatable="false" sap:sortable="false" sap:filterable="false"/>
                <Property Name="ActualStartTime" Type="Edm.Time" Precision="0" sap:label="Act. Start Time" sap:creatable="false" sap:updatable="false" sap:sortable="false" sap:filterable="false"/>
                <Property Name="ActualFinDate" Type="Edm.DateTime" Precision="7" sap:label="Act.finish date" sap:creatable="false" sap:updatable="false" sap:sortable="false" sap:filterable="false"/>
                <Property Name="ActualFinTime" Type="Edm.Time" Precision="0" sap:label="Actual finish" sap:creatable="false" sap:updatable="false" sap:sortable="false" sap:filterable="false"/>
                <Property Name="ConstraintTypeStart" Type="Edm.String" MaxLength="1" sap:label="StartConstraint" sap:creatable="false" sap:updatable="false" sap:sortable="false" sap:filterable="false"/>
                <Property Name="ConstraintTypeFinish" Type="Edm.String" MaxLength="1" sap:label="Fin. constraint" sap:creatable="false" sap:updatable="false" sap:sortable="false" sap:filterable="false"/>
                <Property Name="ConstraintStartDate" Type="Edm.DateTime" Precision="7" sap:label="Start constr." sap:creatable="false" sap:updatable="false" sap:sortable="false" sap:filterable="false"/>
                <Property Name="ConstraintStartTime" Type="Edm.Time" Precision="0" sap:label="StartTimeConstr" sap:creatable="false" sap:updatable="false" sap:sortable="false" sap:filterable="false"/>
                <Property Name="ConstraintFinDate" Type="Edm.DateTime" Precision="7" sap:label="Finish constr." sap:creatable="false" sap:updatable="false" sap:sortable="false" sap:filterable="false"/>
                <Property Name="ConstraintFinTime" Type="Edm.Time" Precision="0" sap:label="Fin.time constr" sap:creatable="false" sap:updatable="false" sap:sortable="false" sap:filterable="false"/>
                <Property Name="TotalFloat" Type="Edm.Decimal" Precision="3" Scale="0" sap:label="Total float" sap:creatable="false" sap:updatable="false" sap:sortable="false" sap:filterable="false"/>
                <Property Name="FreeFloat" Type="Edm.Decimal" Precision="3" Scale="0" sap:label="Free float" sap:creatable="false" sap:updatable="false" sap:sortable="false" sap:filterable="false"/>
                <Property Name="Price" Type="Edm.Decimal" Precision="12" Scale="3" sap:label="Price" sap:creatable="false" sap:updatable="false" sap:sortable="false" sap:filterable="false"/>
                <Property Name="Currency" Type="Edm.String" MaxLength="5" sap:label="Currency" sap:creatable="false" sap:updatable="false" sap:sortable="false" sap:filterable="false" sap:semantics="currency-code"/>
                <Property Name="CurrencyIso" Type="Edm.String" MaxLength="3" sap:label="ISO code" sap:creatable="false" sap:updatable="false" sap:sortable="false" sap:filterable="false"/>
                <Property Name="PriceUnit" Type="Edm.Decimal" Precision="8" Scale="3" sap:label="Price unit" sap:creatable="false" sap:updatable="false" sap:sortable="false" sap:filterable="false"/>
                <Property Name="CostElement" Type="Edm.String" MaxLength="10" sap:label="Cost element" sap:creatable="false" sap:updatable="false" sap:sortable="false" sap:filterable="false"/>
                <Property Name="MatlGroup" Type="Edm.String" MaxLength="9" sap:label="Material Group" sap:creatable="false" sap:updatable="false" sap:sortable="false" sap:filterable="false"/>
                <Property Name="VendorNo" Type="Edm.String" MaxLength="10" sap:label="Vendor" sap:creatable="false" sap:updatable="false" sap:sortable="false" sap:filterable="false"/>
                <Property Name="InfoRec" Type="Edm.String" MaxLength="10" sap:label="Info record" sap:creatable="false" sap:updatable="false" sap:sortable="false" sap:filterable="false"/>
                <Property Name="PurchOrg" Type="Edm.String" MaxLength="4" sap:label="Purchasing org." sap:creatable="false" sap:updatable="false" sap:sortable="false" sap:filterable="false"/>
                <Property Name="PurGroup" Type="Edm.String" MaxLength="3" sap:label="Purch. group" sap:creatable="false" sap:updatable="false" sap:sortable="false" sap:filterable="false"/>
                <Property Name="PreqNo" Type="Edm.String" MaxLength="10" sap:label="Purch.req." sap:creatable="false" sap:updatable="false" sap:sortable="false" sap:filterable="false"/>
                <Property Name="PreqItem" Type="Edm.String" MaxLength="5" sap:label="Requisn. item" sap:creatable="false" sap:updatable="false" sap:sortable="false" sap:filterable="false"/>
                <Property Name="Priority" Type="Edm.String" MaxLength="1" sap:label="Priority" sap:creatable="false" sap:updatable="false" sap:sortable="false" sap:filterable="false"/>
                <Property Name="Funcloc" Type="Edm.String" MaxLength="40" sap:label="Functional Loc." sap:creatable="false" sap:updatable="false" sap:sortable="false" sap:filterable="false"/>
                <Property Name="Equipment" Type="Edm.String" MaxLength="18" sap:label="Equipment" sap:creatable="false" sap:updatable="false" sap:sortable="false" sap:filterable="false"/>
                <Property Name="Plangroup" Type="Edm.String" MaxLength="3" sap:label="Planner group" sap:creatable="false" sap:updatable="false" sap:sortable="false" sap:filterable="false"/>
                <Property Name="RespPlanner" Type="Edm.String" MaxLength="12" sap:label="TechInspectn by" sap:creatable="false" sap:updatable="false" sap:sortable="false" sap:filterable="false"/>
                <Property Name="Location" Type="Edm.String" MaxLength="10" sap:label="Location" sap:creatable="false" sap:updatable="false" sap:sortable="false" sap:filterable="false"/>
                <Property Name="LocPlant" Type="Edm.String" MaxLength="4" sap:label="MaintPlant" sap:creatable="false" sap:updatable="false" sap:sortable="false" sap:filterable="false"/>
                <Property Name="UStatus" Type="Edm.String" MaxLength="40" sap:label="User status" sap:creatable="false" sap:updatable="false" sap:sortable="false" sap:filterable="false"/>
                <Property Name="Client" Type="Edm.String" MaxLength="3" sap:label="Client" sap:creatable="false" sap:updatable="false" sap:sortable="false" sap:filterable="false"/>
                <Property Name="Split" Type="Edm.Byte" sap:label="Split number" sap:creatable="false" sap:updatable="false" sap:sortable="false" sap:filterable="false"/>
                <Property Name="WorkActual" Type="Edm.Decimal" Precision="13" Scale="3" sap:label="Actual work" sap:creatable="false" sap:updatable="false" sap:sortable="false" sap:filterable="false"/>
                <Property Name="OrderType" Type="Edm.String" MaxLength="4" sap:label="Order Type" sap:creatable="false" sap:updatable="false" sap:sortable="false" sap:filterable="false"/>
                <Property Name="RefDate" Type="Edm.DateTime" Precision="7" sap:label="Reference Date" sap:creatable="false" sap:updatable="false" sap:sortable="false" sap:filterable="false"/>
                <Property Name="ExecFactor" Type="Edm.Decimal" Precision="3" Scale="0" sap:label="Executn factor" sap:creatable="false" sap:updatable="false" sap:sortable="false" sap:filterable="false"/>
                <Property Name="PersonNo" Type="Edm.String" MaxLength="8" sap:label="Personnel No." sap:creatable="false" sap:updatable="false" sap:sortable="false" sap:filterable="false"/>
                <Property Name="UnloadPt" Type="Edm.String" MaxLength="25" sap:label="Unloading Point" sap:creatable="false" sap:updatable="false" sap:sortable="false" sap:filterable="false"/>
                <Property Name="GrRcpt" Type="Edm.String" MaxLength="12" sap:label="Recipient" sap:creatable="false" sap:updatable="false" sap:sortable="false" sap:filterable="false"/>
                <Property Name="Material" Type="Edm.String" MaxLength="18" sap:label="Material" sap:creatable="false" sap:updatable="false" sap:sortable="false" sap:filterable="false"/>
                <Property Name="Serialno" Type="Edm.String" MaxLength="18" sap:label="Serial Number" sap:creatable="false" sap:updatable="false" sap:sortable="false" sap:filterable="false"/>
                <Property Name="Deviceid" Type="Edm.String" MaxLength="40" sap:label="Device data" sap:creatable="false" sap:updatable="false" sap:sortable="false" sap:filterable="false"/>
                <Property Name="Sortfield" Type="Edm.String" MaxLength="30" sap:label="Sort field" sap:creatable="false" sap:updatable="false" sap:sortable="false" sap:filterable="false"/>
                <Property Name="Equidescr" Type="Edm.String" MaxLength="40" sap:label="Description" sap:creatable="false" sap:updatable="false" sap:sortable="false" sap:filterable="false"/>
                <Property Name="Funcldescr" Type="Edm.String" MaxLength="40" sap:label="Description" sap:creatable="false" sap:updatable="false" sap:sortable="false" sap:filterable="false"/>
                <Property Name="MatlDesc" Type="Edm.String" MaxLength="40" sap:label="Description" sap:creatable="false" sap:updatable="false" sap:sortable="false" sap:filterable="false"/>
                <Property Name="Priotype" Type="Edm.String" MaxLength="2" sap:label="PriorityType" sap:creatable="false" sap:updatable="false" sap:sortable="false" sap:filterable="false"/>
                <Property Name="PriotypeDesc" Type="Edm.String" MaxLength="20" sap:label="Priority" sap:creatable="false" sap:updatable="false" sap:sortable="false" sap:filterable="false"/>
                <Property Name="LongtextIndic" Type="Edm.String" MaxLength="1" sap:label="Long text" sap:creatable="false" sap:updatable="false" sap:sortable="false" sap:filterable="false"/>
                <Property Name="Planplant" Type="Edm.String" MaxLength="4" sap:label="Planning plant" sap:creatable="false" sap:updatable="false" sap:sortable="false" sap:filterable="false"/>
                <Property Name="AssemblyDesc" Type="Edm.String" MaxLength="40" sap:label="Assembly desc." sap:creatable="false" sap:updatable="false" sap:sortable="false" sap:filterable="false"/>
                <Property Name="NotifNo" Type="Edm.String" MaxLength="12" sap:label="Notification" sap:creatable="false" sap:updatable="false" sap:sortable="false" sap:filterable="false"/>
                <Property Name="NextPlanDate" Type="Edm.DateTime" Precision="7" sap:label="Planned Date" sap:creatable="false" sap:updatable="false" sap:sortable="false" sap:filterable="false"/>
                <Property Name="AssemblyExternal" Type="Edm.String" MaxLength="40" sap:label="Material Number" sap:creatable="false" sap:updatable="false" sap:sortable="false" sap:filterable="false"/>
                <Property Name="AssemblyGuid" Type="Edm.String" MaxLength="32" sap:label="GUID (External)" sap:creatable="false" sap:updatable="false" sap:sortable="false" sap:filterable="false"/>
                <Property Name="AssemblyVersion" Type="Edm.String" MaxLength="10" sap:label="Version Number" sap:creatable="false" sap:updatable="false" sap:sortable="false" sap:filterable="false"/>
                <Property Name="MaterialExternal" Type="Edm.String" MaxLength="40" sap:label="Material Number" sap:creatable="false" sap:updatable="false" sap:sortable="false" sap:filterable="false"/>
                <Property Name="MaterialGuid" Type="Edm.String" MaxLength="32" sap:label="GUID (External)" sap:creatable="false" sap:updatable="false" sap:sortable="false" sap:filterable="false"/>
                <Property Name="MaterialVersion" Type="Edm.String" MaxLength="10" sap:label="Version Number" sap:creatable="false" sap:updatable="false" sap:sortable="false" sap:filterable="false"/>
                <Property Name="StartPoint" Type="Edm.String" MaxLength="18" sap:label="Start Point" sap:creatable="false" sap:updatable="false" sap:sortable="false" sap:filterable="false"/>
                <Property Name="EndPoint" Type="Edm.String" MaxLength="18" sap:label="End Point" sap:creatable="false" sap:updatable="false" sap:sortable="false" sap:filterable="false"/>
                <Property Name="LinearLength" Type="Edm.String" MaxLength="18" sap:label="Length" sap:creatable="false" sap:updatable="false" sap:sortable="false" sap:filterable="false"/>
                <Property Name="LinearUnit" Type="Edm.String" MaxLength="3" sap:label="UoM" sap:creatable="false" sap:updatable="false" sap:sortable="false" sap:filterable="false" sap:semantics="unit-of-measure"/>
                <Property Name="LinearUnitIso" Type="Edm.String" MaxLength="3" sap:label="UoM ISO" sap:creatable="false" sap:updatable="false" sap:sortable="false" sap:filterable="false"/>
                <Property Name="FirstOffsetTypeCode" Type="Edm.String" MaxLength="2" sap:label="Type Offset 1" sap:creatable="false" sap:updatable="false" sap:sortable="false" sap:filterable="false"/>
                <Property Name="FirstOffsetValue" Type="Edm.String" MaxLength="18" sap:label="Offset 1" sap:creatable="false" sap:updatable="false" sap:sortable="false" sap:filterable="false"/>
                <Property Name="FirstOffsetUnit" Type="Edm.String" MaxLength="3" sap:label="UoM Offset 1" sap:creatable="false" sap:updatable="false" sap:sortable="false" sap:filterable="false" sap:semantics="unit-of-measure"/>
                <Property Name="FirstOffsetUnitIso" Type="Edm.String" MaxLength="3" sap:label="UoM Offset1 ISO" sap:creatable="false" sap:updatable="false" sap:sortable="false" sap:filterable="false"/>
                <Property Name="SecondOffsetTypeCode" Type="Edm.String" MaxLength="2" sap:label="Type Offset 2" sap:creatable="false" sap:updatable="false" sap:sortable="false" sap:filterable="false"/>
                <Property Name="SecondOffsetValue" Type="Edm.String" MaxLength="18" sap:label="Offset 2" sap:creatable="false" sap:updatable="false" sap:sortable="false" sap:filterable="false"/>
                <Property Name="SecondOffsetUnit" Type="Edm.String" MaxLength="3" sap:label="UoM Offset 2" sap:creatable="false" sap:updatable="false" sap:sortable="false" sap:filterable="false" sap:semantics="unit-of-measure"/>
                <Property Name="SecondOffsetUnitIso" Type="Edm.String" MaxLength="3" sap:label="UoM Offset2 ISO" sap:creatable="false" sap:updatable="false" sap:sortable="false" sap:filterable="false"/>
                <Property Name="FirstOffsetTypeCodeName" Type="Edm.String" MaxLength="60" sap:label="Offset Desc." sap:creatable="false" sap:updatable="false" sap:sortable="false" sap:filterable="false"/>
                <Property Name="SecondOffsetTypeCodeName" Type="Edm.String" MaxLength="60" sap:label="Offset Desc." sap:creatable="false" sap:updatable="false" sap:sortable="false" sap:filterable="false"/>
                <Property Name="MarkerStartPoint" Type="Edm.String" MaxLength="18" sap:label="St.Marker" sap:creatable="false" sap:updatable="false" sap:sortable="false" sap:filterable="false"/>
                <Property Name="MarkerDistanceStartPoint" Type="Edm.String" MaxLength="18" sap:label="Dist.St.M." sap:creatable="false" sap:updatable="false" sap:sortable="false" sap:filterable="false"/>
                <Property Name="MarkerEndPoint" Type="Edm.String" MaxLength="18" sap:label="End Marker" sap:creatable="false" sap:updatable="false" sap:sortable="false" sap:filterable="false"/>
                <Property Name="MarkerDistanceEndPoint" Type="Edm.String" MaxLength="18" sap:label="Dist.E.Mkr" sap:creatable="false" sap:updatable="false" sap:sortable="false" sap:filterable="false"/>
                <Property Name="MarkerDistanceUnit" Type="Edm.String" MaxLength="3" sap:label="UoM" sap:creatable="false" sap:updatable="false" sap:sortable="false" sap:filterable="false" sap:semantics="unit-of-measure"/>
                <Property Name="MarkerDistanceUnitIso" Type="Edm.String" MaxLength="3" sap:label="UoM ISO" sap:creatable="false" sap:updatable="false" sap:sortable="false" sap:filterable="false"/>
                <Property Name="AssemblyLong" Type="Edm.String" MaxLength="40" sap:label="Assembly" sap:creatable="false" sap:updatable="false" sap:sortable="false" sap:filterable="false"/>
                <Property Name="MaterialLong" Type="Edm.String" MaxLength="40" sap:label="Material" sap:creatable="false" sap:updatable="false" sap:sortable="false" sap:filterable="false"/>
            </EntityType>
            <EntityType Name="NotificationList" sap:content-version="1">
                <Key>
                    <PropertyRef Name="Notificat"/>
                </Key>
                <Property Name="NotificationDate" Type="Edm.DateTime" Precision="7" sap:label="Notif.date" sap:creatable="false" sap:updatable="false" sap:sortable="false" sap:filterable="false"/>
                <Property Name="PlanGroup" Type="Edm.String" MaxLength="3" sap:label="Planner group" sap:creatable="false" sap:updatable="false" sap:sortable="false" sap:filterable="false"/>
                <Property Name="PlanPlant" Type="Edm.String" MaxLength="4" sap:label="Planning plant" sap:creatable="false" sap:updatable="false" sap:sortable="false" sap:filterable="false"/>
                <Property Name="Notificat" Type="Edm.String" Nullable="false" MaxLength="12" sap:label="Notification" sap:creatable="false" sap:updatable="false" sap:sortable="false" sap:filterable="false"/>
                <Property Name="NotifType" Type="Edm.String" MaxLength="2" sap:label="Notifictn type" sap:creatable="false" sap:updatable="false" sap:sortable="false" sap:filterable="false"/>
                <Property Name="Funcloc" Type="Edm.String" MaxLength="40" sap:label="Functional loc." sap:creatable="false" sap:updatable="false" sap:sortable="false" sap:filterable="false"/>
                <Property Name="Equipment" Type="Edm.String" MaxLength="18" sap:label="Equipment" sap:creatable="false" sap:updatable="false" sap:sortable="false" sap:filterable="false"/>
                <Property Name="Customer" Type="Edm.String" MaxLength="10" sap:label="Customer" sap:creatable="false" sap:updatable="false" sap:sortable="false" sap:filterable="false"/>
                <Property Name="Descript" Type="Edm.String" MaxLength="40" sap:label="Description" sap:creatable="false" sap:updatable="false" sap:sortable="false" sap:filterable="false"/>
                <Property Name="PurchNo" Type="Edm.String" MaxLength="20" sap:label="PO Number" sap:creatable="false" sap:updatable="false" sap:sortable="false" sap:filterable="false"/>
                <Property Name="PurchDate" Type="Edm.DateTime" Precision="7" sap:label="PO date" sap:creatable="false" sap:updatable="false" sap:sortable="false" sap:filterable="false"/>
                <Property Name="SStatus" Type="Edm.String" MaxLength="40" sap:label="System status" sap:creatable="false" sap:updatable="false" sap:sortable="false" sap:filterable="false"/>
                <Property Name="UStatus" Type="Edm.String" MaxLength="40" sap:label="User status" sap:creatable="false" sap:updatable="false" sap:sortable="false" sap:filterable="false"/>
                <Property Name="Equidescr" Type="Edm.String" MaxLength="40" sap:label="Description" sap:creatable="false" sap:updatable="false" sap:sortable="false" sap:filterable="false"/>
                <Property Name="Funcldescr" Type="Edm.String" MaxLength="40" sap:label="Description" sap:creatable="false" sap:updatable="false" sap:sortable="false" sap:filterable="false"/>
                <Property Name="Notifdate" Type="Edm.DateTime" Precision="7" sap:label="Notif.date" sap:creatable="false" sap:updatable="false" sap:sortable="false" sap:filterable="false"/>
                <Property Name="Notiftime" Type="Edm.Time" Precision="0" sap:label="Notif. Time" sap:creatable="false" sap:updatable="false" sap:sortable="false" sap:filterable="false"/>
                <Property Name="Priotype" Type="Edm.String" MaxLength="2" sap:label="PriorityType" sap:creatable="false" sap:updatable="false" sap:sortable="false" sap:filterable="false"/>
                <Property Name="Priority" Type="Edm.String" MaxLength="1" sap:label="Priority" sap:creatable="false" sap:updatable="false" sap:sortable="false" sap:filterable="false"/>
                <Property Name="Completion" Type="Edm.DateTime" Precision="7" sap:label="Completn date" sap:creatable="false" sap:updatable="false" sap:sortable="false" sap:filterable="false"/>
                <Property Name="Startdate" Type="Edm.DateTime" Precision="7" sap:label="Req. start" sap:creatable="false" sap:updatable="false" sap:sortable="false" sap:filterable="false"/>
                <Property Name="Enddate" Type="Edm.DateTime" Precision="7" sap:label="Required End" sap:creatable="false" sap:updatable="false" sap:sortable="false" sap:filterable="false"/>
                <Property Name="PurchNoC" Type="Edm.String" MaxLength="35" sap:label="PO number" sap:creatable="false" sap:updatable="false" sap:sortable="false" sap:filterable="false"/>
                <Property Name="Scenario" Type="Edm.String" MaxLength="4" sap:label="Scenario" sap:creatable="false" sap:updatable="false" sap:sortable="false" sap:filterable="false"/>
                <Property Name="ExternalNumber" Type="Edm.String" MaxLength="40" sap:label="Functional Loc." sap:creatable="false" sap:updatable="false" sap:sortable="false" sap:filterable="false"/>
            </EntityType>
            <EntityType Name="LoginCredentials" sap:content-version="1">
                <Key>
                    <PropertyRef Name="WfEmployeeid"/>
                </Key>
                <Property Name="Mandt" Type="Edm.String" Nullable="false" MaxLength="3" sap:label="Client" sap:creatable="false" sap:updatable="false" sap:sortable="false" sap:filterable="false"/>
                <Property Name="WfEmployeeid" Type="Edm.String" Nullable="false" MaxLength="15" sap:label="EmployeeID" sap:creatable="false" sap:updatable="false" sap:sortable="false" sap:filterable="false"/>
                <Property Name="WfPassword" Type="Edm.String" Nullable="false" MaxLength="25" sap:label="Password" sap:creatable="false" sap:updatable="false" sap:sortable="false" sap:filterable="false"/>
            </EntityType>
            <EntityContainer Name="ZODATA_PM_900343_SRV_Entities" m:IsDefaultEntityContainer="true" sap:supported-formats="atom json xlsx">
                <EntitySet Name="WorkOrderListSet" EntityType="ZODATA_PM_900343_SRV.WorkOrderList" sap:creatable="false" sap:updatable="false" sap:deletable="false" sap:pageable="false" sap:content-version="1"/>
                <EntitySet Name="NotificationListSet" EntityType="ZODATA_PM_900343_SRV.NotificationList" sap:creatable="false" sap:updatable="false" sap:deletable="false" sap:pageable="false" sap:content-version="1"/>
                <EntitySet Name="LoginCredentialsSet" EntityType="ZODATA_PM_900343_SRV.LoginCredentials" sap:creatable="false" sap:updatable="false" sap:deletable="false" sap:pageable="false" sap:content-version="1"/>
            </EntityContainer>
            <atom:link
                xmlns:atom="http://www.w3.org/2005/Atom" rel="self" href="./sap/ZODATA_PM_900343_SRV/$metadata"/>
                <atom:link
                    xmlns:atom="http://www.w3.org/2005/Atom" rel="latest-version" href="./sap/ZODATA_PM_900343_SRV/$metadata"/>
                </Schema>
            </edmx:DataServices>
        </edmx:Edmx>